Caso,Delta,Dias,Protocolo
1,1, 7 ,1
2,1, 6 ,1
3,1, 8 ,1
4,1, 6 ,1
5,1, 5 ,1
6,1, 5 ,1
7,1, 5 ,1
8,1, 6 ,1
9,1, 6 ,1
10,1, 11 ,1
11,1, 6 ,1
12,1, 4 ,1
13,1, 5 ,1
14,1, 5 ,1
15,1, 5 ,1
16,1, 5 ,1
17,0, 6 ,1
18,1, 4 ,1
19,1, 5 ,1
20,1, 6 ,1
21,1, 6 ,1
22,1, 5 ,1
23,1, 6 ,1
24,1, 5 ,1
25,1, 10 ,1
26,1, 6 ,1
27,1, 5 ,1
28,1, 5 ,1
29,1, 4 ,1
30,1, 5 ,1
31,1, 5 ,1
32,1, 5 ,1
33,0, 6 ,1
34,1, 2 ,1
35,1, 5 ,1
36,1, 6 ,1
37,1, 7 ,1
38,1, 5 ,1
39,1, 5 ,1
40,1, 5 ,1
41,1, 5 ,1
42,1, 3 ,1
43,1, 4 ,1
44,1, 5 ,1
45,1, 5 ,1
46,1, 4 ,1
47,1, 5 ,1
48,1, 5 ,1
49,1, 5 ,1
50,1, 5 ,1
51,1, 7 ,0
52,1, 5 ,0
53,1, 8 ,0
54,1, 14 ,0
55,1, 6 ,0
56,1, 6 ,0
57,1, 23 ,0
58,1, 38 ,0
59,1, 7 ,0
60,1, 4 ,0
61,1, 28 ,0
62,1, 20 ,0
63,1, 29 ,0
64,0, 18 ,0
65,1, 9 ,0
66,1, 6 ,0
67,1, 16 ,0
68,1, 43 ,0
69,1, 5 ,0
70,1, 5 ,0
71,0, 5 ,0
72,1, 7 ,1
73,1, 6 ,1
74,1, 6 ,1
75,1, 12 ,1
76,1, 6 ,1
77,1, 8 ,1
78,1, 6 ,1
79,1, 7 ,1
80,1, 7 ,1
81,1, 6 ,1
82,1, 6 ,1
83,1, 11 ,1
84,1, 6 ,1
85,0, 6 ,1
86,1, 9 ,1
87,1, 7 ,1
88,1, 11 ,1
89,1, 9 ,1
90,1, 6 ,1
91,1, 9 ,1
92,1, 5 ,1
93,1, 6 ,1
94,1, 6 ,1
95,1, 10 ,1
96,1, 6 ,1
97,0, 8 ,1
98,1, 28 ,1
99,1, 6 ,1
100,1, 15 ,1
101,1, 8 ,1
102,1, 6 ,1
103,1, 7 ,1
104,1, 7 ,1
105,1, 7 ,1
106,1, 9 ,1
107,1, 52 ,1
108,1, 9 ,1
109,1, 17 ,1
110,1, 18 ,0
111,1, 15 ,0
112,1, 10 ,0
113,1, 10 ,0
114,1, 22 ,0
115,1, 10 ,0
116,1, 39 ,0
117,1, 24 ,0
118,1, 25 ,0
119,1, 20 ,0
120,1, 9 ,0
121,1, 12 ,0
122,1, 22 ,0
123,1, 11 ,0
124,1, 20 ,0
125,1, 9 ,0
126,1, 26 ,0
127,1, 8 ,0
128,1, 9 ,0
129,1, 15 ,0
130,1, 8 ,0
131,1, 21 ,0
132,1, 17 ,0
133,1, 17 ,0
134,1, 20 ,0
135,1, 19 ,0
136,1, 12 ,0
137,1, 41 ,0
138,1, 15 ,0
139,1, 13 ,0
140,1, 24 ,0
141,1, 12 ,0
142,1, 15 ,0
143,1, 13 ,0
144,1, 56 ,0
145,1, 24 ,0
146,1, 22 ,0
