sonda,tempo,censura,sexo,idade
Protpla,70,0,F,85
Protpla,121,1,F,81
Protpla,257,1,F,80
Protpla,7,0,M,91
Protpla,3,0,F,82
Protpla,37,1,F,66
Protpla,15,1,F,86
Protpla,8,1,F,82
Protpla,407,0,F,82
Protpla,866,1,F,76
Protpla,328,1,M,73
Protpla,194,1,M,79
Protpla,31,1,M,65
Protpla,153,0,F,76
Protpla,253,0,F,77
Protpla,93,1,F,69
Protpla,80,1,M,75
Protpla,190,1,F,81
WST,67,0,M,74
WST,365,0,F,82
WST,77,1,M,71
WST,110,0,M,71
WST,634,0,F,67
WST,309,1,F,69
WST,536,1,M,84
WST,249,0,F,89
WST,498,0,F,80
WST,84,1,M,58
WST,71,0,M,63
WST,94,1,F,69
WST,359,1,M,72
WST,119,1,F,75
WST,119,1,M,76
WST,68,0,M,53
WST,147,1,M,70
WST,726,0,F,78
WST,71,0,F,66
WST,57,1,F,56
